CR_0	0	0	0	0	0	0	0	0	0	0	0	0	0	0	0	0	0	0	0	0	0
CR_1	0	0	0	0	0	0	0	0	0	0	0	0	0	0	0	0	0	0	0	0	0
CR_2	0	0	0	0	0	0	0.000113481615978212	0	0	0.000148456057007126	0.000124115675809855	0	0	0	0.000126310471138057	0	0	0	0	0	0
CR_3	0	0	0	0	0	0	0	0	0	0	0	0.000100735368187771	0	0.000146520146520147	0	0	0	0	0	0	0
CR_4	0	0	0	0	0	0	0	0	0	0	0	0	0	0	0	0	3.66213172687822e-05	0	6.947411568135e-05	0	2.84211124654999e-05
CR_5	2.23977542518403e-05	1.76338852739424e-05	1.76223874810559e-05	0	0	0	0	0	0	0	0	0	0	0	0	0	0	0	0	0	0
CR_6	0.0324543459109167	0.0255514997619425	0.02553483946005	0	0	0.000379939209726444	0	0	0	0.00326603325415677	0.00223408216457739	0.00362647325475975	0	0.000146520146520147	0.000252620942276115	0	9.15532931719554e-06	0	3.4737057840675e-06	0	6.31580277011109e-06
CR_7	7.46591808394678e-06	0	0	0	0	0	0.000113481615978212	0	0.000113032666440601	0.000296912114014252	0.000372347027429564	0	0	0	0	0.00617283950617284	0.00350496524026636	0	0.00375854965836104	0	0.00365053400112421
CR_8	0	0	0	0	0	0	0	0	0	0	0	0	0	0	0	0	0	0	0	0	0
CR_9	0	0	0	0.0371134020618557	0.216061185468451	0.256838905775076	0	0	0	0	0	0	0	0	0	0	0	0	0	0	0
CR_10	0	0	0	0	0	0	0	0	0	0	0	0	0	0	0	0	0	0	0	0	0
CR_11	0	0	0	0	0	0	0	0	0	0	0	0.000100735368187771	0	0	0	0	0	0	0	0	0
CR_12	7.46591808394678e-06	5.8779617579808e-06	5.87412916035198e-06	0	0	0	0	0	0	0	0	0	0	0	0	0	0	0	0	0	0
CR_13	1.49318361678936e-05	1.17559235159616e-05	1.1748258320704e-05	0	0	0	0	0	0.000113032666440601	0	0	0	0	0	0.000126310471138057	0	0	0	0	0	3.15790138505555e-06
CR_14	0	5.8779617579808e-06	0	0.00618556701030928	0	0.000759878419452888	0	0.000112321689318207	0.000113032666440601	0	0.000124115675809855	0	0.000532859680284192	0.000293040293040293	0.000378931413414172	0	0	0	0	0	0
CR_15	0	0	0	0	0	0	0	0	0	0	0	0	0	0	0	0	0	0	0	0	0
CR_16	0	0	0	0	0	0	0	0	0	0	0	0	0	0	0	0	1.52588821953259e-06	0	0	0	0
CR_17	0	0	0	0	0	0	0.000567408079891058	0.000561608446591037	0.000339097999321804	0.000593824228028504	0.000372347027429564	0.00100735368187771	0.00106571936056838	0.000732600732600733	0.00151572565365669	0	1.52588821953259e-06	0	0	0.00657894736842105	3.15790138505555e-06
CR_18	0	0	0	0	0	0	0	0	0	0	0	0	0	0	0	0	0	0	0	0	0
CR_19	0	0	0	0	0	0	0	0	0.000226065332881203	0.000148456057007126	0	0	0	0.000146520146520147	0	0.00617283950617284	1.52588821953259e-06	0	0	0	3.78948166206666e-05
CR_20	0	0	0	0	0	0	0	0	0	0	0	0	0	0	0	0	0	0	0	0	0
CR_21	0	0	0	0	0	0	0	0	0	0	0	0	0	0	0	0	0	0	0	0	0
CR_22	0	0	0	0	0	0	0	0	0	0	0	0	0	0	0	0	0	0	0	0	0
CR_23	7.46591808394678e-06	0	0	0	0	0	0	0	0.000113032666440601	0.000148456057007126	0	0	0	0	0	0	0	0	0	0	0
CR_24	0	0	0	0	0	0	0	0	0	0	0	0	0	0	0	0	0	0	0	0	3.15790138505555e-06
CR_25	0	0	0	0	0	0	0	0	0	0	0	0	0	0	0	0	0	0	0	0	0
CR_26	0	0	0	0	0	0	0	0	0	0	0	0	0	0	0	0	0	0	0	0	0
CR_27	0	0	0	0	0	0	0	0	0	0	0	0	0	0	0	0	0	0	0	0	0
CR_28	0	0	0	0	0	0	0	0	0	0	0	0	0	0	0	0	0	0	0	0	0
CR_29	0	0	0	0	0	0	0	0	0	0	0	0	0	0	0	0	0	0	0	0	0
CR_30	7.46591808394678e-06	5.8779617579808e-06	5.87412916035198e-06	0	0	0	0.000113481615978212	0	0	0	0.000124115675809855	0	0	0	0	0	0	0	0	0	2.52632110804444e-05
CR_31	7.46591808394678e-06	5.8779617579808e-06	5.87412916035198e-06	0	0	0	0	0	0	0	0	0	0	0	0	0	0	0	0	0	0
CR_32	7.46591808394678e-06	5.8779617579808e-06	5.87412916035198e-06	0	0	0	0	0	0	0	0	0	0	0	0	0	0	0	0	0	0
CR_33	0	0	0	0	0	0	0	0	0	0	0	0	0	0	0	0	0	0	0	0	0
CR_34	0.440212927983754	0.346582259135822	0.346356277681834	0	0	0	0.000453926463912846	0.000224643378636415	0.000565163332203007	0.000148456057007126	0.00024823135161971	0.000201470736375541	0.000355239786856128	0.000146520146520147	0.000505241884552229	0	1.52588821953259e-06	0	1.73685289203375e-05	0	1.89474083103333e-05
CR_35	0	0	5.87412916035198e-06	0	0	0	0.000113481615978212	0	0.000113032666440601	0	0.00024823135161971	0.000201470736375541	0	0	0	0.00617283950617284	0	0	0	0	0.000353684955126221
CR_36	0	0	0	0	0	0	0	0	0	0	0	0	0	0	0	0	0	0	0	0	0
CR_37	7.46591808394678e-06	0	0	0	0	0	0	0	0	0.000148456057007126	0	0	0	0	0	0	0	0	0	0	0
CR_38	0	0	0	0	0	0	0	0	0	0	0	0	0	0	0	0	0	0	0	0	0
CR_39	0.000589807528631796	0.000464358978880483	0.000464056203667806	0	0	0	0	0	0	0.000593824228028504	0.00024823135161971	0.000100735368187771	0	0	0	0	0	0	0	0	0
CR_40	0	0	0	0	0	0	0	0	0	0	0	0	0	0	0	0	0	0	0	0	0
CR_41	0	0	0	0	0	0	0	0	0	0	0	0	0	0	0	0	1.06812175367281e-05	0	3.4737057840675e-05	0	2.21053096953888e-05
CR_42	0	0	0	0	0	0	0	0	0	0	0	0	0	0	0	0	0	0	0	0	0
CR_43	0	0	0	0	0	0	0	0	0	0	0	0	0	0	0	0	3.05177643906518e-06	0	0	0	0
CR_44	0	0	0	0	0	0	0	0	0	0	0	0	0	0	0	0	0	0	0	0	0
CR_45	0	0	0	0	0	0	0.000113481615978212	0	0	0	0	0.000100735368187771	0	0	0	0	0	0	0	0	0
CR_46	0	5.8779617579808e-06	0	0	0	0	0	0	0.000226065332881203	0	0.00024823135161971	0.000100735368187771	0	0	0.000252620942276115	0	0	0	0	0	0
CR_47	0	0	0	0	0	0	0	0	0	0	0	0	0	0	0	0	1.52588821953259e-06	0	0	0	0
CR_48	0.000268773051022084	0.000211606623287309	0.000211468649772671	0	0	0	0	0	0	0.000296912114014252	0.000124115675809855	0	0	0	0	0	1.52588821953259e-06	0	0	0	0
CR_49	0	0	0	0	0	0	0	0	0	0	0	0	0	0	0	0	0	0	0	0	0
CR_50	7.46591808394678e-06	5.8779617579808e-06	5.87412916035198e-06	0	0	0	0	0	0	0	0	0	0	0	0	0	0	0	0	0	0
CR_51	0	0	0	0	0	0	0	0.000112321689318207	0.000113032666440601	0	0.00024823135161971	0.000100735368187771	0	0	0	0	1.52588821953259e-06	0	0	0	0
CR_52	0	0	0	0	0	0	0.000226963231956423	0.000112321689318207	0.000113032666440601	0.000296912114014252	0	0.000100735368187771	0	0	0	0	0.00176392678177967	0	0.00207727605887237	0	0.00244421567203299
CR_53	0.00085858057965388	0.000675965602167792	0.000675524853440477	0	0	0	0	0	0	0.000445368171021378	0.000372347027429564	0.000402941472751083	0	0	0	0	1.52588821953259e-06	0	0	0	3.15790138505555e-06
CR_54	0	2.35118470319232e-05	0	0	0.00127469725940089	0.000379939209726444	0.000113481615978212	0.000112321689318207	0.000339097999321804	0.000148456057007126	0.000620578379049274	0	0.000177619893428064	0.00043956043956044	0.000631552355690287	0	0	0	3.4737057840675e-06	0	4.10527180057221e-05
CR_55	0	0	0	0	0	0	0	0	0	0	0	0	0	0	0	0	0	0	0	0	0
CR_56	0	0	0	0	0	0	0	0	0	0	0	0.000100735368187771	0	0	0	0	2.5940099732054e-05	0	5.557929254508e-05	0.00657894736842105	5.68422249309999e-05
CR_57	0	0	0	0	0	0	0	0	0	0	0	0	0	0	0	0	0	0	0	0	0
CR_58	0	0	0	0	0	0	0	0	0	0	0	0	0	0	0	0	1.52588821953259e-06	0	0	0	6.31580277011109e-06
CR_59	0	0	0	0	0	0	0	0	0	0	0	0	0	0	0	0	0	0	0	0	0
CR_60	0	0	0	0	0	0	0.000794371311847481	0.000673930135909244	0.000791228665084209	0.000742280285035629	0.000744694054859129	0.00110808905006548	0	0	0.00101048376910446	0.00617283950617284	0.0359697629990417	0	0.0325208335504399	0	0.0369821831203855
CR_61	0	0	0	0	0	0	0	0	0	0	0.000124115675809855	0.000100735368187771	0	0	0.000126310471138057	0.00617283950617284	0	0	0	0	0
CR_62	0	0	0	0	0	0	0	0	0	0	0	0.000100735368187771	0	0	0	0	0.00189667905687901	0	0.00256706857442588	0	0.00258000543159038
CR_63	0	0	5.87412916035198e-06	0	0	0	0	0.000224643378636415	0	0.000148456057007126	0.00024823135161971	0.000402941472751083	0	0	0	0	0.00721745127838915	0	0.00773594278111832	0.0131578947368421	0.00757580542274826
CR_64	2.23977542518403e-05	1.76338852739424e-05	1.76223874810559e-05	0	0	0	0	0	0	0	0	0	0	0	0	0	0	0	0	0	0
CR_65	7.46591808394678e-06	0	0	0	0.00127469725940089	0.000759878419452888	0.00272355878347708	0.00595304953386499	0.00610376398779247	0.00623515439429929	0.00570932108725332	0.00523823914576408	0.00763765541740675	0.00820512820512821	0.00833649109511178	0.037037037037037	3.05177643906518e-06	0.0939597315436242	0	0.0394736842105263	0
CR_66	1.49318361678936e-05	5.8779617579808e-06	5.87412916035198e-06	0.00618556701030928	0.00191204588910134	0.00151975683890578	0.000340444847934635	0.000561608446591037	0.000339097999321804	0.000742280285035629	0.000620578379049274	0.000906618313689937	0.00106571936056838	0.00131868131868132	0.00113679424024252	0	0	0	0	0	0
CR_67	0	0	0	0.00206185567010309	0	0	0.000113481615978212	0	0.000113032666440601	0.0578978622327791	0.0542385503289065	0.0518787146167019	0.000355239786856128	0	0	0	0	0	0	0	0
CR_68	0	0	0	0.00206185567010309	0	0	0	0	0	0	0	0	0.000177619893428064	0	0.000126310471138057	0	0	0	0	0	0
CR_69	0	0	0	0.0556701030927835	0.340981516889739	0.398556231003039	0	0	0.000113032666440601	0	0	0	0	0	0	0.00617283950617284	0	0	0	0	0
CR_70	0	0	0	0	0	0	0.0240581025873808	0.0236998764461418	0.0237368599525263	0	0	0	0	0	0	0	0	0	0	0	0
CR_71	3.73295904197339e-05	2.9389808789904e-05	2.93706458017599e-05	0	0.000637348629700446	0	0	0	0	0	0	0	0	0.000146520146520147	0	0	0	0	0	0	0
CR_72	1.49318361678936e-05	1.17559235159616e-05	1.1748258320704e-05	0	0.000637348629700446	0	0.000226963231956423	0.000112321689318207	0.000113032666440601	0	0.000372347027429564	0.000201470736375541	0	0.00043956043956044	0.000252620942276115	0	0	0	3.4737057840675e-06	0	6.31580277011109e-06
CR_73	7.46591808394678e-06	3.52677705478848e-05	3.52447749621119e-05	0	0	0	0.000113481615978212	0	0	0	0	0	0	0	0.000378931413414172	0	1.52588821953259e-06	0.00671140939597315	0	0	0
CR_74	0	0	0	0.0144329896907217	0.0898661567877629	0.104103343465046	0	0	0	0	0	0	0	0	0	0	0	0	0	0	0
CR_75	0.0430260859177853	0.0338805715730013	0.0338526063511084	0.00206185567010309	0	0	0	0.000224643378636415	0	0.00742280285035629	0.00632989946630259	0.00473456230482522	0.000355239786856128	0.000146520146520147	0.000252620942276115	0	1.37329939757933e-05	0.00671140939597315	6.947411568135e-06	0	3.15790138505555e-06
CR_76	2.23977542518403e-05	1.17559235159616e-05	1.1748258320704e-05	0	0	0.000379939209726444	0	0	0.000113032666440601	0.000148456057007126	0.000124115675809855	0	0	0.000146520146520147	0.000252620942276115	0	0	0	0	0	0
CR_77	0	0	0	0	0	0	0	0.000224643378636415	0.000339097999321804	0	0.000124115675809855	0	0	0	0	0	0.00293428304616117	0	0.00327917826015972	0.00657894736842105	0.00332527015846349
CR_78	0	0	0	0	0	0	0	0	0	0	0	0	0	0	0	0	0	0	0	0	0
CR_79	1.49318361678936e-05	1.17559235159616e-05	1.1748258320704e-05	0	0	0	0	0	0	0	0	0	0	0	0	0	0	0	0	0	0
CR_80	0.0359558614922877	0.0283082638264355	0.0282898060362551	0	0	0	0	0	0.000113032666440601	0.00549287410926366	0.00372347027429564	0.00392867935932306	0.000177619893428064	0.000146520146520147	0.000126310471138057	0	6.10355287813036e-06	0	1.04211173522025e-05	0	0
CR_81	0	0	0	0	0	0	0	0	0	0	0	0	0	0	0	0	0	0	0	0	0
CR_82	0.292731182153469	0.230463124606911	0.230318730248241	0	0	0	0.000226963231956423	0.000786251825227451	0.000452130665762405	0.0334026128266033	0.0314012659798933	0.0286088445653269	0.00159857904085258	0.000586080586080586	0.00101048376910446	0.00617283950617284	7.17167463180317e-05	0.00671140939597315	4.8631880976945e-05	0.00657894736842105	2.21053096953888e-05
CR_83	1.49318361678936e-05	1.17559235159616e-05	1.1748258320704e-05	0	0	0	0	0	0	0	0	0	0	0	0	0	0	0	0	0	0
CR_84	0.00135879709127831	0.00106978903995251	0.00107496563634441	0	0.000637348629700446	0	0	0	0	0	0.00024823135161971	0.000302206104563312	0	0.000146520146520147	0.000126310471138057	0	0	0	0	0	3.15790138505555e-06
CR_85	7.46591808394678e-06	0.000434969170090579	0.00044643381618675	0	0.000637348629700446	0.000379939209726444	0.000113481615978212	0.000112321689318207	0	0.000148456057007126	0	0.000100735368187771	0.0019538188277087	0.00307692307692308	0.00202096753820892	0	0	0	0	0	0
CR_86	0	0	0	0	0	0	0	0.000112321689318207	0.000452130665762405	0.000593824228028504	0.000744694054859129	0	0	0	0.000126310471138057	0	0.0145478182850237	0	0.0122621814177583	0	0.0129442377773427
CR_87	0	0	0	0	0	0	0	0	0	0	0	0	0	0	0	0	0	0	0	0	0
CR_88	0	5.8779617579808e-05	5.87412916035198e-05	0.00206185567010309	0	0	0	0	0.000113032666440601	0	0	0.000402941472751083	0.000532859680284192	0.000146520146520147	0.000126310471138057	0	0	0	0	0	6.31580277011109e-06
CR_89	0.00396440250257574	0.00312119769348781	0.0031191625841469	0	0	0	0	0	0	0.000296912114014252	0.000372347027429564	0.000201470736375541	0	0	0	0	3.05177643906518e-06	0	0	0	0
CR_90	7.46591808394678e-06	5.8779617579808e-06	5.87412916035198e-06	0	0	0	0.000113481615978212	0	0.000226065332881203	0.000148456057007126	0	0.000100735368187771	0	0.000293040293040293	0.000126310471138057	0.00617283950617284	0	0.00671140939597315	0	0	0
CR_91	0	0	0	0	0	0	0.307421697684975	0.304167134673705	0.30631852605403	0	0	0	0	0	0	0	0	0	0	0	0
CR_92	0	0	0	0	0	0	0.000113481615978212	0.000224643378636415	0.000113032666440601	0.000148456057007126	0	0	0	0	0.000252620942276115	0	9.15532931719554e-06	0.00671140939597315	0	0	3.15790138505555e-06
CR_93	0	0	0	0	0	0	0.0152065365410803	0.0193193305627317	0.0122075279755849	0.0293942992874109	0.0323941913863721	0.0235720761559383	0.00230905861456483	0.00454212454212454	0.0077049387394215	0.12962962962963	0.907996569803282	0.0805369127516778	0.906130048597144	0.0789473684210526	0.888377659742442
CR_94	1.49318361678936e-05	1.17559235159616e-05	1.1748258320704e-05	0.00206185567010309	0	0	0	0	0.000113032666440601	0.000148456057007126	0.000124115675809855	0.000100735368187771	0.000355239786856128	0	0.000126310471138057	0	0	0	0	0	9.47370415516664e-06
CR_95	0	0	0	0	0	0	0	0	0	0	0	0	0	0	0	0	8.39238520742924e-05	0	5.90529983291475e-05	0	3.78948166206666e-05
CR_96	7.46591808394678e-06	5.8779617579808e-06	5.87412916035198e-06	0	0.000637348629700446	0.000379939209726444	0	0	0.000113032666440601	0.000148456057007126	0	0	0	0.000293040293040293	0	0	0	0	0	0.00657894736842105	3.15790138505555e-06
CR_97	0.00585327977781428	0.00460832201825695	0.00460531726171595	0	0	0	0	0	0	0.000742280285035629	0.000496462703239419	0.000402941472751083	0	0.000146520146520147	0	0	0	0	0	0	3.15790138505555e-06
CR_98	0.00421077779934599	0.00330929246974319	0.00330713471727816	0	0	0.000379939209726444	0	0.000112321689318207	0.000226065332881203	0.591152019002375	0.579992553059451	0.588697491689332	0	0	0.000126310471138057	0.00617283950617284	1.67847704148585e-05	0	1.04211173522025e-05	0	0
CR_99	0.000141852443594989	0.000105803311643654	0.000111608454046688	0	0	0	0	0	0	0.000148456057007126	0.000124115675809855	0.000100735368187771	0	0	0.000126310471138057	0	1.52588821953259e-06	0.00671140939597315	1.04211173522025e-05	0	0.000116842351247055
CR_100	0	0	0	0	0	0	0	0	0	0	0	0	0	0	0	0	0	0	0	0	0
CR_101	0.000686864463723104	0.000540772481734234	0.000540419882752382	0	0	0	0	0	0	0.000148456057007126	0.000496462703239419	0.000302206104563312	0	0	0	0	0	0	0	0	0
CR_102	0	0	0	0	0	0	0	0.000224643378636415	0.000113032666440601	0	0.000124115675809855	0	0	0	0	0	0	0	0	0	0
CR_103	0	0	0	0	0	0	0	0	0	0.000593824228028504	0.000124115675809855	0.000201470736375541	0	0	0	0	0	0	0	0	0
CR_104	0	0	0	0	0	0	0	0.000112321689318207	0	0.000148456057007126	0	0	0	0.000146520146520147	0.000126310471138057	0	0	0	0	0	0
CR_105	0	0	0	0	0	0.000379939209726444	0	0	0	0	0	0	0	0	0.000126310471138057	0	0	0	0	0	0
CR_106	0	0	0	0	0	0	0	0	0	0	0.000124115675809855	0	0	0	0	0	0	0	0	0	0
CR_107	0	5.8779617579808e-06	0	0	0	0	0.000113481615978212	0	0	0	0.000124115675809855	0	0	0	0	0	0	0	0	0	0
CR_108	7.46591808394678e-06	5.8779617579808e-06	5.87412916035198e-06	0	0	0	0	0	0	0	0	0.000201470736375541	0	0	0	0	0	0	0	0	0
CR_109	7.46591808394678e-06	5.8779617579808e-06	5.87412916035198e-06	0	0	0	0	0	0	0	0	0.000100735368187771	0	0.000146520146520147	0	0	0	0	0	0	0
CR_110	0	0	0	0	0	0	0	0	0	0	0	0	0	0	0	0	1.52588821953259e-06	0	3.4737057840675e-06	0	6.31580277011109e-06
CR_111	7.46591808394678e-06	0	0	0	0	0	0.000113481615978212	0	0.000113032666440601	0.000296912114014252	0.00024823135161971	0	0	0	0	0.00617283950617284	0	0	0	0.00657894736842105	0
CR_112	0	0	0	0.00206185567010309	0	0	0	0	0.000226065332881203	0	0	0	0.000177619893428064	0	0.000126310471138057	0	0	0	0	0	3.15790138505555e-06
CR_113	0	0	0	0	0	0	0	0	0	0	0	0	0	0	0	0	0	0	0	0	0
CR_114	0	0	0	0	0	0	0	0	0	0	0	0	0	0	0	0	1.52588821953259e-06	0	3.4737057840675e-06	0	3.15790138505555e-06
CR_115	0	5.8779617579808e-06	5.87412916035198e-06	0	0.000637348629700446	0	0.000226963231956423	0	0	0	0.000124115675809855	0.000201470736375541	0	0.000146520146520147	0	0.0123456790123457	0	0	0	0	0
CR_116	0	0	0	0	0	0	0	0	0	0	0	0	0	0	0	0	0	0	0	0	0
CR_117	0	0	0	0	0	0	0	0	0	0	0	0	0	0	0	0	1.52588821953259e-06	0	0	0	0
CR_118	0	0	0	0	0	0	0	0	0	0	0	0	0	0	0	0	0	0	0	0	0
CR_119	0	0	0	0	0	0	0	0	0	0	0	0	0	0	0	0	0	0	0	0	0
CR_120	0	0	0	0	0	0	0	0	0	0	0	0	0	0	0	0	0	0	0	0	0
CR_121	1.49318361678936e-05	1.17559235159616e-05	1.1748258320704e-05	0	0	0	0	0	0	0	0	0	0	0	0	0	0	0	0	0	0
CR_122	0.000619671200967583	0.000487870825912407	0.000487552720309214	0	0	0	0	0.000112321689318207	0.000113032666440601	0.000445368171021378	0.00024823135161971	0.000302206104563312	0.000177619893428064	0	0.000252620942276115	0	1.52588821953259e-06	0	0	0	1.26316055402222e-05
CR_123	0	5.8779617579808e-06	5.87412916035198e-06	0	0	0	0	0	0	0.000148456057007126	0	0	0	0.000146520146520147	0	0	0	0	0	0	0
CR_124	0	0	0	0	0	0	0	0	0	0	0	0	0	0	0	0	0	0	0	0	0
CR_125	0	0	0	0.00206185567010309	0.0146590184831103	0.020516717325228	0	0	0	0	0	0	0	0	0	0	0	0	0	0	0
CR_126	0	0	5.87412916035198e-06	0.00206185567010309	0	0	0.000226963231956423	0	0.000339097999321804	0	0.000124115675809855	0.000201470736375541	0.000177619893428064	0	0.000126310471138057	0	0	0	0	0.00657894736842105	0
CR_127	0	0	0	0	0	0	0	0	0	0	0	0	0	0	0	0	0	0	0	0	0
CR_128	0	0	0	0	0	0	0.000113481615978212	0	0.000226065332881203	0	0	0	0	0	0	0	0	0	0	0	0
CR_129	0	0	0	0	0	0	0	0	0	0	0	0	0	0	0	0	1.52588821953259e-06	0	0	0	3.15790138505555e-06
CR_130	0	0	0	0	0	0	0	0	0	0	0	0	0	0	0	0	0	0	0	0	9.47370415516664e-06
CR_131	0	0	0	0	0	0	0	0	0	0	0	0.000201470736375541	0	0	0	0	0	0	0	0	0
CR_132	0	0	0	0	0	0	0	0	0	0	0	0	0	0	0	0	0	0	0	0	0
CR_133	0	0	0	0	0	0	0	0	0	0	0	0	0	0	0	0	0	0	0	0	0
CR_134	0	0	0	0	0	0	0	0	0	0	0.000124115675809855	0	0	0	0.000126310471138057	0	0	0	0	0	0
CR_135	7.46591808394678e-06	2.9389808789904e-05	2.93706458017599e-05	0	0	0	0	0	0	0.000148456057007126	0	0	0.000177619893428064	0	0	0	0	0	0	0	0
CR_136	0	0	0	0	0	0	0	0	0	0	0	0	0	0	0	0	0	0	0	0	0
CR_137	0	0	0	0	0	0	0	0	0	0	0	0	0	0	0	0	0	0	0	0	0
CR_138	0	0	0	0	0	0	0	0	0	0	0	0	0	0	0	0	0	0	0	0	0
CR_139	0	0	0	0	0	0	0.000113481615978212	0	0	0.000148456057007126	0.000124115675809855	0.000100735368187771	0	0	0	0	0.00278016833598838	0	0.0035918117807258	0	0.00722843627039215
CR_140	0	0	0	0	0	0	0	0	0	0	0	0	0	0	0	0	0	0	0	0	0
CR_141	0	0	0	0	0	0	0	0	0	0	0	0	0.000177619893428064	0.000146520146520147	0.000252620942276115	0	0	0	0	0	0
CR_142	7.46591808394678e-06	5.8779617579808e-06	5.87412916035198e-06	0	0	0	0	0	0	0	0	0	0	0	0	0	0	0	0	0	0
CR_143	0	0	0	0	0	0	0	0	0	0	0	0	0	0	0	0	0	0	0	0	0
CR_144	0	0	0	0	0	0	0	0	0	0	0	0	0	0	0	0	0	0	0	0	0
CR_145	0	0	0	0	0	0	0	0	0	0	0	0	0	0	0	0	0	0	0	0	0
CR_146	1.49318361678936e-05	1.76338852739424e-05	0	0.00206185567010309	0.000637348629700446	0	0.000340444847934635	0	0.000226065332881203	0.000445368171021378	0.000372347027429564	0	0.000355239786856128	0.000293040293040293	0	0	0	0	0	0	0
CR_147	0	0	0	0	0	0	0	0	0	0	0	0	0	0	0	0	0	0	0	0	0
CR_148	0	0	0	0	0	0	0	0	0	0	0	0	0	0	0	0	0	0	0	0	0
CR_149	0	0	0	0	0	0	0	0	0	0	0	0	0	0	0	0	0	0	0	0	0
CR_150	0	0	0	0	0	0	0	0	0	0	0	0	0	0	0	0	0	0	0	0	0
CR_151	0	0	0	0	0	0	0	0	0	0	0	0	0	0	0	0	0	0	0	0	0
CR_152	0	0	0	0	0	0	0	0	0	0	0	0	0	0	0	0	1.52588821953259e-06	0	3.4737057840675e-06	0	0
CR_153	0	0	0	0	0	0	0	0	0	0	0	0	0	0	0	0	0	0	0	0	0
CR_154	0	0	0	0	0	0	0	0	0.000113032666440601	0	0	0	0	0	0	0	0	0	0	0	0
CR_155	0	0	0	0	0	0	0	0	0	0	0	0	0	0	0	0	0	0	0	0	0
CR_156	0	0	0	0	0	0	0	0	0	0	0.000124115675809855	0.000100735368187771	0.000355239786856128	0	0	0	0	0	0	0.00657894736842105	0
CR_157	0	0	0	0	0	0	0	0.000112321689318207	0.000113032666440601	0	0	0	0	0	0	0	0	0	0	0	0.000754738431028276
CR_158	0	0	0	0	0	0	0	0	0	0	0	0.000100735368187771	0	0	0	0	0	0	0	0	0
CR_159	0	0	0	0	0.000637348629700446	0	0	0.000112321689318207	0	0	0	0	0	0	0	0	0	0.00671140939597315	0	0	0
CR_160	0	0	0	0	0	0	0	0	0.000339097999321804	0	0	0	0	0.000146520146520147	0	0	0	0	0	0	0
CR_161	0	0	0	0	0	0	0	0	0	0	0	0	0	0	0	0	0	0	0	0	0
CR_162	0	0	0	0	0	0	0	0	0	0	0	0	0	0	0	0	0	0	0	0	0
CR_163	0	0	0	0	0	0	0	0	0	0	0	0	0	0	0	0	2.5940099732054e-05	0	2.43159404884725e-05	0	4.42106193907777e-05
CR_164	0	0	0	0	0	0	0	0	0	0	0	0	0	0	0	0	1.52588821953259e-06	0	1.04211173522025e-05	0	0
CR_165	0	0	0	0	0	0	0	0	0	0	0	0	0	0	0	0	0	0	0	0	0
CR_166	0	0	0	0	0	0	0	0	0	0	0	0	0	0	0	0	0	0	0	0	0
CR_167	2.98636723357871e-05	2.35118470319232e-05	2.34965166414079e-05	0.00206185567010309	0	0	0	0	0.000113032666440601	0	0	0	0.000355239786856128	0	0	0	0	0	0	0	0
CR_168	0	0	0	0	0	0	0	0	0	0	0	0	0	0	0	0	0	0	0	0	0
CR_169	0	0	0	0	0	0	0	0	0	0	0	0	0	0	0	0	0	0	0	0	0
CR_170	0	0	0	0	0	0	0	0	0	0	0	0	0	0	0	0	0	0	0	0	0
CR_171	0	0	5.87412916035198e-06	0	0	0	0	0	0	0	0	0.000100735368187771	0	0	0	0	0	0	0	0	0
CR_172	0	0	0	0	0	0	0	0	0	0	0	0	0	0	0	0	0	0	0	0	0
CR_173	1.49318361678936e-05	1.17559235159616e-05	1.1748258320704e-05	0	0	0	0	0	0	0	0	0.000100735368187771	0	0.000146520146520147	0	0	0	0	0	0	0
CR_174	0	0	0	0	0	0	0	0	0.000113032666440601	0	0	0	0	0	0.000126310471138057	0	0	0	0	0	0
CR_175	0	0	0	0	0	0.000379939209726444	0	0	0	0.000148456057007126	0.000124115675809855	0.000100735368187771	0	0	0.000126310471138057	0	0	0	0	0	0
CR_176	0	0	0	0	0	0	0	0	0	0	0	0	0.000355239786856128	0.00131868131868132	0.000631552355690287	0	0	0	0	0	0
CR_177	0	0	0	0	0	0	0	0.000112321689318207	0	0	0	0	0	0.000146520146520147	0	0	0	0	0	0	6.31580277011109e-06
CR_178	0	0	0	0	0	0	0	0	0	0	0	0	0	0	0	0	0	0	0	0	0
CR_179	0	0	0	0	0.00573613766730402	0.00531914893617021	0	0	0	0	0	0.000100735368187771	0	0	0.000126310471138057	0	0	0	0	0	0
CR_180	0	0	0	0	0	0	0	0	0	0	0	0	0	0	0	0	0	0	0	0	0
CR_181	0	0	0	0	0	0	0	0	0	0	0	0.000100735368187771	0	0	0	0	0	0	0	0	0
CR_182	0	0	0	0	0	0	0	0	0	0	0	0	0	0.000146520146520147	0	0	0	0.00671140939597315	0	0	3.15790138505555e-06
CR_183	0	0	0	0	0	0	0	0	0	0	0	0	0	0	0	0	0	0	0	0	0
CR_184	7.46591808394678e-06	0	0	0.00206185567010309	0	0	0	0	0	0.000148456057007126	0	0	0.000177619893428064	0	0	0	0	0	0	0	0
CR_185	0	0	0	0	0	0	0	0	0	0	0	0	0	0	0	0	0	0	0	0	0
CR_186	0	0	0	0	0	0	0	0	0	0	0	0	0	0	0	0	0	0	0	0	0
CR_187	0	0	0	0	0	0	0	0	0	0	0	0	0	0	0	0	0	0	0	0	0
CR_188	0	0	0	0	0	0	0	0	0	0	0	0	0	0	0	0	1.52588821953259e-06	0	0	0	3.15790138505555e-06
CR_189	0	0	0	0	0	0	0	0	0	0	0	0	0	0	0	0	0	0	0	0	0
CR_190	7.46591808394678e-06	1.76338852739424e-05	1.76223874810559e-05	0.00206185567010309	0.000637348629700446	0	0	0	0.000226065332881203	0.000148456057007126	0	0.000100735368187771	0.000177619893428064	0.000293040293040293	0	0	0	0.00671140939597315	0	0	0
CR_191	0	0	0	0	0	0	0	0	0	0	0	0	0	0	0	0	0	0	0	0	0
CR_192	0	0	0	0	0	0	0	0	0	0	0	0	0	0	0	0	0	0	0	0	0
CR_193	0	0	0	0	0	0	0	0	0	0	0	0	0	0	0	0	0	0	0	0	0
CR_194	7.46591808394678e-06	5.8779617579808e-06	5.87412916035198e-06	0	0	0	0	0	0	0	0	0	0	0	0	0	0	0	0	0	0
CR_195	0.00327753803885264	0.002756764064493	0.00242601534322537	0.787628865979381	0.269598470363289	0.161094224924012	0.0728551974580118	0.0732337414354712	0.0706454165253758	0.115795724465558	0.121012783914608	0.127128034652967	0.113499111900533	0.133333333333333	0.133636478464065	0.697530864197531	0	0.624161073825503	0	0.717105263157895	0
CR_196	7.46591808394678e-06	5.8779617579808e-06	5.87412916035198e-06	0	0	0	0	0	0	0	0	0	0	0	0	0	0	0	0	0	0
CR_197	0	0	0	0	0	0	0	0	0	0	0	0	0	0	0	0	0	0	0	0	0
CR_198	0	0	0	0	0	0	0	0	0	0	0	0	0	0	0	0	0	0	0	0	0
CR_199	0	0	0	0	0	0	0	0	0	0	0	0	0	0	0	0	0	0	0	0	0
CR_200	0	0	0	0	0	0	0	0	0	0	0	0	0	0	0	0	1.52588821953259e-06	0	0	0	0
CR_201	0	0	0	0	0	0	0.00340444847934635	0.00336965067954622	0.00339097999321804	0	0	0	0	0	0	0	0	0	0	0	0
CR_202	0	0	0	0	0	0	0	0	0	0	0	0	0	0	0	0	0	0	3.4737057840675e-06	0	0
CR_203	0	0	0	0	0	0	0	0	0	0	0	0	0	0	0	0	0	0	0	0	0
CR_204	0	0	0	0	0	0	0	0	0	0	0	0	0	0	0	0	0	0	0	0	0
CR_205	0	0	0	0	0	0	0	0	0	0.000148456057007126	0	0.000100735368187771	0	0	0	0	1.52588821953259e-06	0	0	0	0
CR_206	0	0	0	0	0	0	0	0	0	0	0.000124115675809855	0.000100735368187771	0	0	0	0	0	0	0	0	0
CR_207	0	0	0	0	0	0	0	0	0.000113032666440601	0	0	0	0	0	0	0	0	0.00671140939597315	0	0.00657894736842105	0
CR_208	0	0	0	0	0	0	0	0	0	0	0	0	0	0	0	0	0	0	0	0	0
CR_209	3.73295904197339e-05	3.52677705478848e-05	2.93706458017599e-05	0	0	0	0	0	0	0	0.00024823135161971	0.000100735368187771	0	0	0	0	0	0	0	0.00657894736842105	0
CR_210	7.46591808394678e-06	0	1.1748258320704e-05	0.00824742268041237	0.0203951561504143	0.0224164133738602	0.000226963231956423	0.000112321689318207	0.000339097999321804	0.000148456057007126	0.000124115675809855	0.000604412209126624	0.000355239786856128	0.00043956043956044	0.000252620942276115	0	0	0.00671140939597315	0	0.0131578947368421	0
CR_211	7.46591808394678e-05	5.8779617579808e-05	5.87412916035198e-05	0	0	0	0	0	0	0.000148456057007126	0.000124115675809855	0	0	0.000146520146520147	0	0	0	0	0	0	0
CR_212	0	0	0	0	0	0	0	0	0	0	0	0	0	0	0	0	0	0	0	0	0
CR_213	7.46591808394678e-06	0	0	0	0	0.000379939209726444	0	0.000224643378636415	0	0.000148456057007126	0	0.000100735368187771	0	0	0.000126310471138057	0	0	0	0	0	3.15790138505555e-06
CR_214	0	0	0	0	0	0	0.000113481615978212	0	0	0	0	0	0	0	0	0	0	0	0	0	0
CR_215	0	0	0	0	0	0	0	0	0	0	0	0	0	0	0	0	0	0	0	0	0
CR_216	0	0	0	0	0	0	0	0	0	0	0	0	0	0	0	0	1.52588821953259e-06	0	0	0	0
CR_217	0	0	0	0	0	0	0	0	0.000113032666440601	0	0	0	0.000177619893428064	0	0	0	1.52588821953259e-06	0.00671140939597315	0	0	0
CR_218	0	0	0	0	0	0	0.000113481615978212	0	0	0	0.000124115675809855	0	0	0.000146520146520147	0	0	0	0.00671140939597315	0	0	0
CR_219	0	0	0	0	0	0	0	0	0	0	0	0	0	0	0	0	0	0	0	0	0
CR_220	0	0	0	0	0	0	0	0	0	0	0	0	0	0	0	0	0	0	0	0	0
CR_221	7.46591808394678e-06	5.8779617579808e-06	5.87412916035198e-06	0	0	0	0	0	0	0	0.000124115675809855	0	0	0	0	0	1.52588821953259e-06	0	6.947411568135e-06	0	2.21053096953888e-05
CR_222	0	0	0	0	0	0	0	0.000112321689318207	0	0	0	0	0	0	0	0	0	0	0	0	0
CR_223	0	0	0	0	0	0	0	0	0	0	0	0	0	0	0	0	0	0	0	0	0
CR_224	7.46591808394678e-06	5.8779617579808e-06	5.87412916035198e-06	0	0	0	0	0.000112321689318207	0	0	0	0	0	0	0.000252620942276115	0.00617283950617284	0	0	0	0	0
CR_225	0	0	0	0	0	0	0	0	0	0	0	0	0	0	0	0	0	0	0	0	0
CR_226	0	0	0	0	0	0	0	0	0	0	0	0	0	0	0	0	0	0	0	0	0
CR_227	0	0	0	0	0	0	0	0	0	0	0	0	0	0	0	0	0	0	0	0	0
CR_228	0	0	0	0	0	0	0	0	0	0	0.000124115675809855	0.000100735368187771	0	0	0	0	0	0	0	0	0
CR_229	0	0	0	0	0	0	0	0	0	0	0	0	0	0	0	0	1.52588821953259e-06	0	0	0	0
CR_230	2.98636723357871e-05	2.35118470319232e-05	2.34965166414079e-05	0	0	0	0	0	0	0	0	0	0	0	0	0	0	0	0	0	0
CR_231	0	0	0	0	0	0	0	0	0	0	0	0	0	0	0	0	7.62944109766295e-06	0	6.947411568135e-06	0	6.31580277011109e-06
CR_232	0	0	0	0	0	0	0	0	0	0	0	0	0	0	0	0	0	0	0	0	0
CR_233	0	0	0	0	0	0	0	0	0	0	0	0	0	0	0	0	0	0	0	0	0
CR_234	2.23977542518403e-05	5.8779617579808e-05	5.87412916035198e-05	0	0.000637348629700446	0	0	0	0	0.000296912114014252	0	0.000100735368187771	0	0.000732600732600733	0.000126310471138057	0	0	0	0	0	0
CR_235	0	0	0	0	0	0	0	0	0	0	0	0	0	0	0	0	0	0	0	0	0
CR_236	0	0	0	0	0	0	0	0	0	0	0	0	0	0	0	0	1.52588821953259e-06	0	0	0	0
CR_237	0	0	0	0	0	0	0	0	0	0	0.000124115675809855	0	0	0	0	0	0	0	0	0	0
CR_238	0.00144838810828568	0.00114032458104828	0.00113958105710828	0	0	0	0	0	0	0.000148456057007126	0.000372347027429564	0.000100735368187771	0	0	0	0	0	0	0	0	0
CR_239	0	0	0	0	0	0	0	0	0	0	0	0	0	0	0	0	0	0	0	0	0
CR_240	7.46591808394678e-06	0	1.1748258320704e-05	0	0	0	0	0	0	0.000148456057007126	0	0.000302206104563312	0	0	0	0	0	0	0	0	0
CR_241	0	0	0	0	0	0	0	0.000112321689318207	0	0	0	0	0	0	0	0	0	0	0	0	0
CR_242	0	0	0	0	0	0	0	0	0	0	0	0	0	0	0	0	0	0	0	0	0
CR_243	0	0	0	0	0	0	0	0	0	0	0	0	0	0	0	0	0	0	0	0	0
CR_244	0	0	0	0	0	0.000379939209726444	0.000226963231956423	0.000224643378636415	0	0	0.000124115675809855	0	0	0	0.000126310471138057	0	0	0	6.947411568135e-06	0	0
CR_245	0	0	0	0	0	0	0	0	0	0	0	0	0.000177619893428064	0.000293040293040293	0.000252620942276115	0	0	0	0	0	0
CR_246	0	0	0	0	0	0	0	0	0	0	0	0	0	0	0	0	1.52588821953259e-06	0	0	0	0
CR_247	0	0	0	0	0	0	0	0	0	0	0	0	0	0	0	0	0	0	0	0	0
CR_248	0	0	0	0	0	0	0	0	0	0	0	0	0	0	0	0	0	0	0	0	0
CR_249	1.49318361678936e-05	1.17559235159616e-05	1.1748258320704e-05	0	0	0	0	0	0	0	0	0	0	0	0	0	0	0	0	0	0
CR_250	0	0	0	0	0	0	0	0	0	0	0	0	0	0	0	0	0	0	0	0	0
CR_251	0	0	0	0	0	0	0	0	0	0	0	0	0	0	0	0	0	0	0	0	0
CR_252	0	0	0	0	0	0	0	0	0	0	0	0	0	0	0	0	0	0	0	0	0
CR_253	0	0	0	0	0	0	0	0	0	0	0	0	0	0	0	0	0	0	0	0	0
CR_254	0	0	0	0	0	0	0	0	0	0	0	0	0	0	0	0	0	0	0	0	0
CR_255	0	0	0	0	0	0	0	0	0	0	0	0	0	0	0	0	0	0	0	0	0
CR_256	0	0	0	0	0	0	0	0	0	0	0	0	0	0	0	0	0	0	0	0	0
CR_257	0	0	0	0	0	0	0	0	0	0	0.000124115675809855	0.000100735368187771	0	0	0	0	1.52588821953259e-06	0	0	0	0
CR_258	0	0	0	0	0	0	0	0	0	0	0	0	0	0	0	0	0	0	0	0	0
CR_259	0	0	0	0	0	0	0	0	0	0	0	0	0	0	0	0	0	0	0	0	0
CR_260	0	0	0	0	0	0	0	0	0	0	0	0	0	0	0	0	0	0	0	0	0
CR_261	0	0.000270386240867117	0.000270209941376191	0	0	0	0	0	0	0	0	0	0	0	0	0	0	0	0	0	0
CR_262	0	1.17559235159616e-05	0	0	0	0	0.000226963231956423	0.000112321689318207	0.000226065332881203	0	0.000372347027429564	0.000100735368187771	0.000177619893428064	0.000293040293040293	0	0	0	0	0	0	0
CR_263	0	0	0	0	0	0	0.000113481615978212	0	0.000113032666440601	0	0	0	0	0	0	0	0	0	0	0	0
CR_264	0	0	0	0	0	0.000379939209726444	0.000113481615978212	0	0	0	0	0	0	0.000146520146520147	0	0	0	0	0	0	0
CR_265	0	0	0	0	0	0	0	0	0	0	0	0	0	0	0	0	0	0	0	0	0
CR_266	0.00388974332173627	0.003062418075908	0.00306042129254338	0	0	0	0	0	0	0	0.00024823135161971	0	0	0	0	0	0	0	0	0	0
CR_267	0	0	0	0	0	0	0	0	0	0	0	0	0	0	0	0	0	0	0	0	0
CR_268	7.46591808394678e-06	0	0	0	0	0	0	0.000112321689318207	0.000113032666440601	0.000148456057007126	0	0	0	0	0	0	0	0	0	0.00657894736842105	0
CR_269	0	0	0	0	0	0	0.000113481615978212	0.000112321689318207	0	0.000148456057007126	0	0.000100735368187771	0	0	0.000126310471138057	0	1.52588821953259e-06	0	0	0	0
CR_270	0	0	0	0	0	0	0	0	0	0	0	0	0	0	0	0	0	0	0	0	0
CR_271	0	0	0	0	0	0	0	0	0	0.000890736342042755	0.000744694054859129	0.00100735368187771	0	0	0	0	0	0	0	0	0
CR_272	0	0	0	0	0	0	0	0	0	0	0	0	0	0	0	0	0	0	0	0	0
CR_273	0	0	0	0	0	0	0	0	0	0	0	0	0	0	0	0	6.10355287813036e-05	0	5.90529983291475e-05	0	0.000104210745706833
CR_274	1.49318361678936e-05	1.17559235159616e-05	1.1748258320704e-05	0	0	0	0	0	0	0.000148456057007126	0	0	0	0	0	0	0	0	0	0	0
CR_275	0	0	0	0	0	0	0.000113481615978212	0	0	0	0	0	0	0	0	0	0.000355531955151093	0	0.000423792105656235	0	0.000789475346263887
CR_276	0	0	0	0	0	0	0	0	0	0	0	0	0	0	0	0	0	0	0	0	0
CR_277	0.00565169998954772	0.00444961705079147	0.00444671577438645	0	0	0	0	0	0.000113032666440601	0.000445368171021378	0.000992925406478838	0.00100735368187771	0	0	0	0	0	0	0	0	0
CR_278	0	0	0	0	0	0	0	0	0	0	0	0	0	0	0	0	0	0	0	0	0
CR_279	0	0	0	0	0	0	0	0	0	0	0	0	0	0	0	0	0	0	0	0	0
CR_280	0	0	0	0	0	0	0	0	0	0	0	0	0	0	0	0	0	0	0	0	0
CR_281	0.0328201758970301	0.0258395198880836	0.0258226717889073	0	0	0	0	0	0	0	0	0.000100735368187771	0	0.000146520146520147	0.000126310471138057	0	0	0	0	0	3.15790138505555e-06
CR_282	7.46591808394678e-06	0	0	0	0	0	0	0	0	0.000296912114014252	0	0	0	0	0	0	0	0	0	0	0
CR_283	0	0	0	0	0	0	0	0	0	0	0	0	0	0	0	0	0	0	0	0	0
CR_284	0	0	0	0	0	0	0	0	0	0	0	0	0	0	0	0	2.28883232929888e-05	0	4.51581751928775e-05	0	8.84212387815553e-05
CR_285	0	0	0	0	0	0	0	0	0	0	0	0	0	0	0	0	0	0	0	0	0
CR_286	0	0	0	0.00206185567010309	0	0	0.000340444847934635	0	0	0	0	0	0.000177619893428064	0	0	0	0	0	0	0	0
CR_287	0	0	0	0	0	0	0	0	0	0	0	0	0	0	0	0	0	0	0	0	0
CR_288	0	0	5.87412916035198e-06	0	0	0	0	0.000112321689318207	0	0.000148456057007126	0.000124115675809855	0.000201470736375541	0	0	0	0	0	0	0	0	0
CR_289	0	0	0	0	0.000637348629700446	0	0	0	0	0	0.000124115675809855	0	0	0.000146520146520147	0.000126310471138057	0	1.52588821953259e-05	0	2.778964627254e-05	0	3.15790138505555e-05
CR_290	0	0	0	0	0	0	0	0	0	0	0	0	0	0	0	0	0	0	0	0	0
CR_291	0	0	0	0	0	0	0	0	0	0	0	0	0	0	0	0	0	0	0	0	0
CR_292	0	0	0	0	0	0	0.000113481615978212	0	0	0	0	0	0	0	0	0	0	0	0	0.00657894736842105	0
CR_293	0	0	0	0	0	0	0	0	0	0	0.000124115675809855	0.000201470736375541	0	0	0	0	0	0	0	0	0
CR_294	0	0	0	0	0	0	0	0	0	0	0	0	0	0	0	0	7.62944109766295e-06	0	1.389482313627e-05	0	6.31580277011109e-06
CR_295	7.46591808394678e-06	5.8779617579808e-06	5.87412916035198e-06	0	0	0	0	0	0	0	0	0	0	0	0	0	0	0	0	0	0
CR_296	0	0	0	0	0	0	0	0	0	0	0	0	0	0	0	0	0	0	0	0	0
CR_297	0	0	0	0	0	0	0	0	0	0	0	0	0	0	0	0	0	0	0	0	0
CR_298	0	0	0	0	0	0	0	0	0	0	0	0	0	0	0	0	0	0	0	0	0
CR_299	0	0	0	0	0	0	0	0	0	0	0	0	0	0	0	0	0	0	0	0	0
CR_300	0	0	0	0	0	0	0	0	0	0	0	0	0	0	0	0	0	0	0	0	0
CR_301	7.46591808394678e-06	0	0	0	0	0	0	0.000112321689318207	0	0.00103919239904988	0.000372347027429564	0.000906618313689937	0	0.000146520146520147	0	0	0	0	0	0	0
CR_302	0	0	0	0	0	0	0	0	0	0	0	0	0	0	0	0	1.52588821953259e-06	0	6.947411568135e-06	0	3.15790138505555e-06
CR_303	0	0	0	0	0	0	0	0	0	0	0	0	0	0	0	0	0	0	0	0	0
CR_304	7.46591808394678e-06	0	0	0	0.000637348629700446	0.000759878419452888	0.000113481615978212	0.000112321689318207	0.000339097999321804	0.000593824228028504	0.000124115675809855	0.000201470736375541	0	0.000293040293040293	0.000252620942276115	0	0	0	0	0	0
CR_305	0	0	0	0	0	0	0	0	0	0.0721496437054632	0.0804269579247859	0.0815956482320943	0	0	0	0	0	0	0	0	0
CR_306	9.70569350913082e-05	7.64135028537504e-05	7.63636790845757e-05	0.00206185567010309	0	0	0.000113481615978212	0	0	0	0.000496462703239419	0.000100735368187771	0.000177619893428064	0	0.000126310471138057	0	0	0	0	0	0
CR_307	0	0	0	0	0	0	0	0	0	0	0	0	0	0	0	0	0	0	0	0	0
CR_308	0	0	0	0	0	0	0	0	0	0	0	0	0	0	0	0	0	0	0	0	0
CR_309	2.23977542518403e-05	1.76338852739424e-05	1.76223874810559e-05	0	0	0	0	0	0	0	0	0	0	0	0	0	0	0	0	0	0
CR_310	0	1.76338852739424e-05	1.76223874810559e-05	0	0	0	0	0	0	0	0	0	0	0	0	0	0	0	0	0	0
CR_311	0	0	0	0	0	0	0	0	0	0	0	0	0	0	0	0	0	0	0	0	0
CR_312	0	0	0	0	0	0	0	0	0	0	0	0	0	0	0	0	0	0	0	0	0
CR_313	0	0	0	0	0	0	0	0	0	0	0	0	0	0	0	0	5.18801994641081e-05	0	5.21055867610125e-05	0	6.00001263160554e-05
CR_314	0	0	0	0	0	0	0	0	0	0	0	0	0	0	0.000126310471138057	0	0	0	0	0	0
CR_315	0	0	0	0	0	0	0	0	0	0	0	0	0	0	0	0	0	0.00671140939597315	0	0	0
CR_316	0	0	0	0	0	0	0	0	0	0	0	0	0	0	0	0	0	0	0	0	0
CR_317	0	0	0	0	0	0	0	0	0	0	0	0	0	0	0	0	0	0	0	0	0
CR_318	0	0	0	0	0	0	0	0	0	0	0	0	0	0	0	0	0	0	0	0	0
CR_319	2.23977542518403e-05	1.76338852739424e-05	1.76223874810559e-05	0	0	0	0	0	0	0.000148456057007126	0	0	0	0	0.000126310471138057	0	0	0	0	0	3.15790138505555e-06
CR_320	0	0	0	0	0	0	0	0	0.000113032666440601	0.000148456057007126	0	0	0	0	0	0	0	0	0	0	0
CR_321	0	0	0	0	0	0	0	0	0	0	0	0	0	0	0	0	0	0	0	0	0
CR_322	0	0	0	0	0	0	0	0	0	0	0	0	0	0	0	0	0	0	0	0	0
CR_323	0	0	0	0	0	0	0	0	0	0	0.000124115675809855	0	0	0	0	0	0	0	0	0	0
CR_324	0	0	0	0	0	0	0	0	0	0	0	0	0	0	0	0	1.83106586343911e-05	0	1.389482313627e-05	0	5.05264221608888e-05
CR_325	0	0	0	0	0	0	0	0	0	0	0	0	0	0	0	0	0	0	0	0	3.15790138505555e-06
CR_326	0	0	0	0	0	0	0	0	0	0	0	0	0	0	0	0	1.52588821953259e-06	0	0	0	6.31580277011109e-06
CR_327	0	0	0	0	0	0	0	0	0	0	0	0	0	0	0	0	0	0	0	0	0
CR_328	0	0	0	0	0	0	0	0	0	0	0	0	0	0	0	0	0	0	0	0	0
CR_329	0	0	0	0	0	0	0	0	0	0	0	0	0	0	0	0	0	0	0	0	0
CR_330	0	0	0	0	0.000637348629700446	0	0	0.000112321689318207	0.000113032666440601	0.000296912114014252	0	0.000100735368187771	0	0.000586080586080586	0.000126310471138057	0	1.52588821953259e-06	0	0	0	0
CR_331	0	0	0	0	0	0	0	0.000224643378636415	0	0	0	0	0	0	0	0	0	0	0	0	0
CR_332	0	0	0	0	0	0	0	0	0	0	0	0	0	0	0	0	4.57766465859777e-06	0	1.04211173522025e-05	0	1.57895069252777e-05
CR_333	7.46591808394678e-06	0	0	0	0	0	0	0	0	0.000148456057007126	0.00024823135161971	0	0	0	0.000126310471138057	0	0	0	0	0	3.15790138505555e-06
CR_334	0	0	0	0	0	0	0.000113481615978212	0.000112321689318207	0	0	0	0	0	0.000146520146520147	0	0	7.47685227570969e-05	0	9.726376195389e-05	0.00657894736842105	0.000104210745706833
CR_335	7.46591808394678e-06	0	0	0	0	0	0	0	0	0.000296912114014252	0	0.000100735368187771	0	0	0.000252620942276115	0	0	0	0	0	0
CR_336	0	0	0	0	0	0	0	0	0	0	0.000124115675809855	0	0	0	0	0	0	0	0	0	0
CR_337	0	5.8779617579808e-06	5.87412916035198e-06	0	0.000637348629700446	0	0	0.000112321689318207	0	0	0.000124115675809855	0.000302206104563312	0	0.000146520146520147	0.000126310471138057	0	0	0	0	0	0
CR_338	2.23977542518403e-05	1.76338852739424e-05	1.76223874810559e-05	0	0	0	0	0	0	0	0.000124115675809855	0	0	0	0	0	0	0	0	0	0
CR_339	0	0	0	0	0	0	0	0	0	0	0	0	0	0	0	0	0	0	0	0	0
CR_340	0	5.8779617579808e-06	0	0	0	0	0	0	0	0	0.000124115675809855	0	0	0	0	0	0	0	0	0	5.05264221608888e-05
CR_341	0	0	0	0	0	0	0	0	0	0	0	0	0	0	0	0	0	0	0	0	0
CR_342	0	0	0	0	0	0	0.000113481615978212	0	0	0	0	0	0	0	0	0	1.52588821953259e-06	0	3.4737057840675e-06	0	0
CR_343	0.000410625494617073	0.000323287896688944	0.000323077103819359	0	0	0	0	0	0	0.000445368171021378	0.00111704108228869	0.000503676840938854	0	0	0	0	0	0	0	0	0
CR_344	0	0	0	0	0	0	0	0	0	0	0.000124115675809855	0	0	0	0	0	0	0	0	0	0
CR_345	0	0.000717111334473658	0.000716643757562941	0	0.000637348629700446	0	0.000113481615978212	0	0	0	0	0	0	0.000146520146520147	0	0	0	0	0	0	0
CR_346	0	4.11457323058656e-05	8.22378082449277e-05	0	0	0	0	0.000112321689318207	0	0	0	0	0.000355239786856128	0.000293040293040293	0.00126310471138057	0	0	0	0	0	0
CR_347	0	0	5.87412916035198e-06	0	0	0	0	0	0	0	0	0.000100735368187771	0	0	0	0	0	0	0	0	0
CR_348	0	0	0	0	0	0	0	0	0	0	0	0	0	0	0	0	0	0	0	0	3.15790138505555e-06
CR_349	0	0	0	0	0.0082855321861058	0.0144376899696049	0	0	0	0	0	0	0	0	0	0	0	0	0	0	0
CR_350	0	0	0	0	0	0	0	0	0	0	0	0	0	0	0	0	0	0	0	0	0
CR_351	0	0	0	0	0	0	0	0	0	0	0	0	0	0	0	0	0	0	0	0	0
CR_352	0	0	0	0.00206185567010309	0.000637348629700446	0	0	0.000112321689318207	0	0.000148456057007126	0.000124115675809855	0.000100735368187771	0.000177619893428064	0.000146520146520147	0	0	0	0	0	0	0
CR_353	0	0	0	0	0	0	0	0	0	0	0	0	0	0	0	0	7.62944109766295e-06	0	3.4737057840675e-06	0	3.15790138505555e-06
CR_354	0	0	0	0	0	0	0.000226963231956423	0.000112321689318207	0	0	0	0.000100735368187771	0	0	0	0	0	0	0	0	0
CR_355	0	0	0	0	0	0	0	0	0	0	0	0	0	0	0	0	0	0	0	0	3.15790138505555e-06
CR_356	0	0	0	0	0	0	0	0	0	0	0	0	0	0	0	0	0	0	0	0	3.15790138505555e-06
CR_357	0.00329246987502053	0.00259218113526953	0.00259049095971522	0	0	0	0	0	0	0.000296912114014252	0.000372347027429564	0.000805882945502166	0	0	0	0	0	0	0	0	6.31580277011109e-06
CR_358	0	0	0	0	0	0	0	0	0	0	0	0	0	0	0	0	1.52588821953259e-06	0	1.04211173522025e-05	0	3.15790138505555e-06
CR_359	0	0	0	0	0	0	0	0	0	0	0	0	0	0	0	0	0	0	0	0	0
CR_360	0	0	0	0	0	0	0	0	0	0	0	0	0	0	0	0	0	0	0	0	0
CR_361	0	0	0	0	0	0	0	0	0	0	0	0	0.000355239786856128	0.00043956043956044	0.000252620942276115	0	0	0	0	0	0
CR_362	0	0	0	0	0	0	0	0	0	0	0	0	0	0	0	0	0	0	0	0	0
CR_363	0	0	0	0	0	0	0	0	0	0	0	0	0	0	0	0	0	0	0	0	3.15790138505555e-06
CR_364	0	0	0	0	0	0	0	0	0	0	0	0	0	0	0.000126310471138057	0	0	0	0	0	0
CR_365	7.46591808394678e-06	0	0	0	0	0	0.000340444847934635	0	0.000226065332881203	0.000296912114014252	0.00024823135161971	0.000201470736375541	0.000177619893428064	0.00043956043956044	0	0	0	0	0	0	0
CR_366	1.49318361678936e-05	1.76338852739424e-05	1.1748258320704e-05	0	0	0	0	0.000112321689318207	0	0	0.000124115675809855	0.000201470736375541	0.000177619893428064	0	0.000126310471138057	0	0	0	0	0.00657894736842105	3.15790138505555e-06
CR_367	0	0	0	0	0	0	0	0	0	0	0	0	0	0	0	0	0	0	0	0	3.15790138505555e-06
CR_368	0	0	0	0	0	0	0	0	0	0	0	0	0	0	0	0	0	0	0	0	0
CR_369	0	0	0	0	0	0	0	0	0	0	0	0	0	0	0	0	0	0	0	0	0
CR_370	0	0	0	0	0	0	0	0	0	0	0	0	0	0	0	0	0	0	0	0	6.31580277011109e-06
CR_371	7.46591808394678e-06	5.8779617579808e-06	5.87412916035198e-06	0	0	0	0	0.000112321689318207	0	0	0	0	0	0	0	0	0	0	0	0	0
CR_372	0	0	0	0	0	0	0	0	0	0	0.000124115675809855	0	0	0	0	0	0	0	0	0	0
CR_373	0	0	0	0	0	0.000379939209726444	0	0	0	0	0	0	0	0	0	0	0	0	0	0	0
CR_374	0	2.35118470319232e-05	4.69930332828158e-05	0	0	0	0	0	0	0	0.000124115675809855	0.000100735368187771	0.00124333925399645	0.000146520146520147	0.000631552355690287	0	0	0	0	0	0
CR_375	3.73295904197339e-05	2.9389808789904e-05	2.93706458017599e-05	0	0	0	0	0	0	0	0	0	0	0	0	0	0	0	0	0	0
CR_376	0	0	0	0	0	0	0	0	0	0	0	0	0	0	0	0	0	0	0	0	0
CR_377	0	0	0	0	0	0	0	0	0	0	0	0	0	0	0	0	0	0	0	0	0
CR_378	0	0	0	0	0	0	0	0	0	0	0	0	0	0.000146520146520147	0.000126310471138057	0	0	0	0	0	0
CR_379	0	0	0	0	0	0	0	0	0	0	0	0	0	0	0	0	0.000267030438418203	0	0.000378633930463358	0	0.00104842325983844
CR_380	0	0	0	0.00206185567010309	0	0	0	0	0	0	0	0	0.000177619893428064	0	0	0	0	0	0	0	0
CR_381	0	0	0	0	0	0	0	0	0.000113032666440601	0	0	0	0	0	0	0	0	0	0	0	0
CR_382	0	0	0	0	0	0	0	0	0	0	0	0	0	0	0	0	0	0	0	0	0
CR_383	0	0	0	0	0.000637348629700446	0	0.000113481615978212	0	0	0.000148456057007126	0	0.000100735368187771	0	0.000146520146520147	0	0	0	0	0	0	0
CR_384	5.22614265876275e-05	0.00100513146061472	0.00196783326871791	0	0	0	0.000113481615978212	0	0	0	0	0	0.831438721136767	0.802197802197802	0.796766451938866	0	0	0.0469798657718121	0	0	0
CR_385	0	0	0	0	0	0	0	0	0.000113032666440601	0	0	0	0	0	0	0	0	0	0	0	3.15790138505555e-06
CR_386	0	0	0	0	0	0	0	0	0.000113032666440601	0	0.000124115675809855	0	0	0	0	0	0.00222932268873711	0	0.00281717539087874	0	0.0044115882349226
CR_387	0	0	0	0	0	0	0	0.000112321689318207	0	0	0	0	0	0	0	0.00617283950617284	0	0	0	0	0
CR_388	0	0	0	0	0	0	0	0	0	0	0	0	0	0	0	0	0	0	0	0	0
CR_389	0	0	0	0	0	0	0	0	0	0	0	0	0	0	0	0	1.67847704148585e-05	0	1.389482313627e-05	0	2.21053096953888e-05
CR_390	0	0	0	0	0	0	0	0	0	0	0	0	0	0	0	0	0	0	0	0	0
CR_391	0	0	0	0	0	0	0	0	0.000113032666440601	0	0	0	0	0	0	0	3.66213172687822e-05	0	6.2526704113215e-05	0	5.05264221608888e-05
CR_392	0	0	0	0	0	0	0	0	0	0.000593824228028504	0.00024823135161971	0.000402941472751083	0	0	0	0	0	0	0	0	0
CR_393	0	0	0	0	0	0	0.000113481615978212	0	0.000113032666440601	0.000296912114014252	0	0.000100735368187771	0	0	0	0	0.00178681510507266	0	0.00273380645206112	0	0.00391895561885393
CR_394	0	5.8779617579808e-06	5.87412916035198e-06	0	0	0	0	0.000112321689318207	0	0	0.00024823135161971	0.000100735368187771	0.000177619893428064	0.000146520146520147	0.000378931413414172	0	0	0	0	0	0
CR_395	0	0	0	0	0	0	0	0	0	0	0	0	0	0	0	0	6.10355287813036e-06	0	6.947411568135e-06	0	0
CR_396	0	5.8779617579808e-06	0	0.00206185567010309	0	0	0	0	0	0.000296912114014252	0.00024823135161971	0.000100735368187771	0.000177619893428064	0	0.000126310471138057	0	0	0	0	0	0
CR_397	1.49318361678936e-05	1.17559235159616e-05	1.1748258320704e-05	0	0	0	0.000113481615978212	0	0	0	0	0	0	0	0	0	0	0	0	0	0
CR_398	0	0	0	0.00206185567010309	0	0	0.000113481615978212	0.000112321689318207	0	0	0	0	0.000177619893428064	0	0	0	0	0	0	0	0
CR_399	0	0	0	0	0	0	0	0	0	0	0	0	0	0	0	0	0	0	0	0	0
CR_400	0	0	0	0	0	0	0	0	0	0	0	0	0	0	0	0	0	0	0	0	0
CR_401	0	0	0	0	0	0	0	0	0	0	0	0	0	0	0	0	0	0	0	0	0
CR_402	0	0	0	0	0	0	0	0	0	0	0	0	0	0	0	0	0	0	0	0	0
CR_403	0	0	0	0	0	0	0.000113481615978212	0	0	0	0	0	0	0	0	0	0	0	0	0	0
CR_404	0	0	0	0	0	0	0	0	0	0	0	0	0	0	0	0	3.05177643906518e-06	0	0	0	0
CR_405	1.49318361678936e-05	1.17559235159616e-05	1.1748258320704e-05	0	0	0.000379939209726444	0	0	0	0	0.000124115675809855	0.000100735368187771	0	0	0.000126310471138057	0	0	0	0	0	0
CR_406	0	0	0	0	0	0	0	0	0	0	0	0	0	0	0	0	0	0	0	0	0
CR_407	0	0	0	0	0	0	0	0	0	0	0	0	0	0	0.000126310471138057	0	5.64578641227058e-05	0	0.000149369348714903	0	0.000202105688643555
CR_408	0	0	0	0	0	0.000379939209726444	0	0	0	0	0	0	0	0	0.000126310471138057	0	0	0	0	0	0
CR_409	0	0	0	0	0	0	0	0	0	0	0	0	0	0	0	0	0	0	0	0	0
CR_410	0	0	0	0	0	0	0	0	0	0	0	0	0	0	0	0	0	0	0	0	0
CR_411	0	0	0	0	0	0	0	0	0	0	0	0	0	0	0	0	0	0	0	0	0
CR_412	0	0	0	0	0	0	0	0	0	0	0	0.000100735368187771	0	0	0	0	0	0	0	0	0
CR_413	0	0	0	0	0	0	0	0	0	0	0	0	0	0	0	0	0	0	0	0	0
CR_414	0	0	0	0	0	0	0	0	0	0	0	0	0	0	0	0	0	0	0	0	0
CR_415	2.23977542518403e-05	1.76338852739424e-05	1.76223874810559e-05	0	0	0	0	0	0	0	0	0	0	0	0	0	0	0	0	0	0
CR_416	0	0	0	0	0	0	0.000226963231956423	0.000786251825227451	0.000226065332881203	0	0.00124115675809855	0.000100735368187771	0.000177619893428064	0	0.00214727800934697	0	1.52588821953259e-06	0	0	0	0
CR_417	7.46591808394678e-06	5.8779617579808e-06	5.87412916035198e-06	0	0	0	0	0	0	0	0	0	0	0.000146520146520147	0.000126310471138057	0	0	0	0	0	3.15790138505555e-06
CR_418	0.00396440250257574	0.00312119769348781	0.0031191625841469	0	0	0	0	0	0	0.00192992874109264	0.000992925406478838	0.00181323662737987	0	0.000146520146520147	0	0	1.52588821953259e-06	0	0	0	0
CR_419	0	0	0	0	0	0	0	0	0	0	0	0	0	0	0	0	0	0	0	0	0
CR_420	0	0.0023276728561604	0.00232615514749938	0	0	0	0.000113481615978212	0	0	0	0	0	0	0	0	0	0	0.0134228187919463	0	0	0
CR_421	0	0	0	0	0	0	0	0.000112321689318207	0	0	0	0	0	0	0.000126310471138057	0	0	0	0	0	0
CR_422	0	0	0	0	0	0.000379939209726444	0	0	0	0	0	0	0	0	0	0	0	0	0	0	0
CR_423	0	0	0	0	0	0	0	0	0	0	0	0	0	0	0	0	0	0	0	0	0
CR_424	0	5.8779617579808e-06	0	0	0	0	0.000226963231956423	0.000336965067954622	0.000113032666440601	0	0.000124115675809855	0.000100735368187771	0	0	0	0	0	0	0	0	0
CR_425	0	0	0	0	0	0	0	0	0	0	0	0	0	0	0	0	0	0	0	0	0
CR_426	0	5.8779617579808e-06	0	0	0	0	0	0	0	0	0	0	0	0	0.000126310471138057	0	0	0	0	0	0
CR_427	7.46591808394678e-06	5.8779617579808e-06	5.87412916035198e-06	0	0	0	0.000113481615978212	0.000112321689318207	0	0	0	0	0	0.000146520146520147	0.000126310471138057	0	0	0.00671140939597315	0	0	0
CR_428	0	1.76338852739424e-05	1.1748258320704e-05	0	0	0	0.000113481615978212	0.000112321689318207	0.000113032666440601	0.000296912114014252	0.000496462703239419	0.000100735368187771	0.000355239786856128	0.00131868131868132	0.000884173297966401	0	0	0	0	0	0
CR_429	0	0	0	0	0	0	0	0.000224643378636415	0	0	0	0	0	0	0	0	0.001100165406283	0	0.00170211583419308	0	0.00268421617729722
CR_430	0	0.00155178190410693	0.00155077009833292	0	0	0.000379939209726444	0.000113481615978212	0	0.000226065332881203	0	0.000372347027429564	0.000201470736375541	0.00106571936056838	0.00278388278388278	0.00252620942276115	0	0	0	0	0	0
CR_431	0	0	0	0	0	0	0	0	0	0	0	0	0	0	0	0	0	0	0	0	0
CR_432	0	0	0	0	0	0	0	0	0	0	0	0	0	0	0	0	0	0	0	0	0
CR_433	0	0	0	0	0	0	0	0	0	0	0	0	0	0	0	0	0	0	0	0	0
CR_434	0	0	0	0	0	0	0	0	0	0	0	0	0	0	0	0	0	0	0	0	0
CR_435	7.46591808394678e-06	5.8779617579808e-06	0	0	0	0	0	0.000336965067954622	0	0	0	0.000100735368187771	0	0	0	0	0	0	0	0	0
CR_436	0	0	0	0	0	0	0	0	0.000113032666440601	0	0	0	0	0	0	0	0.000648502493301351	0	0.00110463843933347	0	0.00150947686205655
CR_437	7.46591808394678e-06	5.8779617579808e-06	5.87412916035198e-06	0	0	0	0	0	0	0	0	0	0	0	0	0	0	0	0	0	0
CR_438	0	0	0	0	0	0	0	0.000112321689318207	0	0	0	0	0	0	0	0	0	0	0	0	0
CR_439	0	0	0	0	0	0	0	0	0	0	0	0	0	0	0	0	0	0	0	0	0
CR_440	0	0	0	0	0	0	0	0	0	0	0	0	0	0	0	0	0	0	0	0	0
CR_441	0	0	0	0	0	0	0	0	0	0	0	0	0	0	0	0	0	0	0	0	0
CR_442	7.46591808394678e-06	0.0126434957414167	0.0126293776947568	0	0.000637348629700446	0.000379939209726444	0.000226963231956423	0.000112321689318207	0.000226065332881203	0	0.00024823135161971	0.000100735368187771	0.00586145648312611	0.00542124542124542	0.00606290261462675	0	0	0	0	0	0
CR_443	0	0	0	0	0	0	0	0	0	0	0	0	0	0	0	0	0	0	0	0	0
CR_444	4.47955085036807e-05	3.52677705478848e-05	3.52447749621119e-05	0.00206185567010309	0	0	0	0.000112321689318207	0	0	0	0.000100735368187771	0.000177619893428064	0.000146520146520147	0.000126310471138057	0	0	0	0	0	0
CR_445	0	0	0	0	0	0	0	0	0	0	0	0	0	0	0	0	0	0	0	0	0
CR_446	0	0	0	0	0	0	0	0	0	0	0	0	0	0	0	0	0	0	0	0	0
CR_447	0	0	0	0	0	0	0	0.000112321689318207	0	0	0	0	0	0	0	0	0	0	0	0	6.31580277011109e-06
CR_448	0	0	0	0	0	0	0.000226963231956423	0.000336965067954622	0.000791228665084209	0	0	0	0	0	0	0	0	0	0	0	0
CR_449	0	0	0	0	0	0	0	0	0	0	0	0	0	0	0	0	0	0	0	0	0
CR_450	0	0	0	0	0	0	0.000226963231956423	0.000224643378636415	0.000565163332203007	0	0.000124115675809855	0.000302206104563312	0.000177619893428064	0	0	0	0.00554965545444003	0	0.0070967809168499	0	0.00814422767205826
CR_451	0	0	0	0	0	0	0	0	0	0	0	0	0	0	0	0	0	0	0	0	0
CR_452	7.46591808394678e-06	0	0	0	0	0	0	0	0	0	0	0	0	0	0	0	1.52588821953259e-06	0	0	0	0.000252632110804444
CR_453	0	0	0	0	0	0	0	0	0	0	0	0	0	0	0	0	0	0	0	0	0
CR_454	7.46591808394678e-06	0	0	0	0	0	0	0.000112321689318207	0	0.000148456057007126	0	0.000100735368187771	0	0	0	0	7.47685227570969e-05	0	0.00018063270077151	0	0.000337895448200944
CR_455	0	0	0	0	0	0	0	0	0	0	0	0	0	0	0	0	0	0	0	0	0
CR_456	0	0	0	0	0	0	0	0	0	0	0	0	0	0	0	0	0	0	0	0	0
CR_457	0	0	0	0	0	0	0	0	0	0	0	0	0	0	0	0	0	0	0	0	0
CR_458	0	0	0	0	0	0	0.000226963231956423	0.000224643378636415	0.000226065332881203	0	0	0	0	0	0	0	0	0	0	0	0
CR_459	0	0	0	0	0	0	0	0	0	0	0	0	0	0	0	0	0	0	0	0	0
CR_460	0	0	0	0	0	0	0	0	0	0	0	0	0	0	0	0	0	0	0	0	0
CR_461	1.49318361678936e-05	1.17559235159616e-05	1.1748258320704e-05	0	0	0	0.000113481615978212	0	0	0.000148456057007126	0	0	0	0	0	0	1.52588821953259e-06	0	0	0	0
CR_462	0	0	0	0	0	0	0	0	0	0	0	0	0	0	0	0	0	0	6.947411568135e-06	0	0
CR_463	0	5.8779617579808e-06	0	0	0	0	0	0	0	0	0.000124115675809855	0	0	0	0.000126310471138057	0	0	0	0	0	0
CR_464	0	0	0	0	0	0.000379939209726444	0	0	0	0	0	0	0	0	0.000252620942276115	0	0	0	0	0	0
CR_465	0.00606979140224873	0.00477878290923839	0.00477566700736616	0	0	0	0.000113481615978212	0	0	0.00192992874109264	0.00148938810971826	0.00141029515462879	0	0	0	0	3.05177643906518e-06	0	0	0	0
CR_466	0	0	0	0	0	0	0	0	0	0	0	0	0	0	0	0	0	0	0	0	0
CR_467	0.000612205282883636	0.000481992864154426	0.000481678591148862	0	0	0	0	0	0	0.000296912114014252	0	0.000302206104563312	0	0	0	0	0	0	0	0	0
CR_468	0	0	0	0	0	0	0.000113481615978212	0	0	0.000148456057007126	0	0.000100735368187771	0	0	0	0	0	0	0	0	0
CR_469	7.46591808394678e-06	0	0	0	0	0	0	0.000112321689318207	0.000113032666440601	0.000296912114014252	0	0	0	0	0.000126310471138057	0	0	0	0	0	0
CR_470	0	0	0	0	0	0	0.000113481615978212	0	0.000113032666440601	0.000296912114014252	0.000124115675809855	0.000201470736375541	0	0	0.000378931413414172	0.00617283950617284	1.52588821953259e-06	0	0	0	0
CR_471	0	0	0	0	0	0	0	0	0.000113032666440601	0	0	0	0	0	0	0	0	0	0	0	0
CR_472	0	0	0	0	0	0	0.000453926463912846	0.000112321689318207	0.000113032666440601	0.000148456057007126	0.000124115675809855	0.000302206104563312	0	0.000586080586080586	0.000252620942276115	0	0	0	0	0	9.47370415516664e-06
CR_473	2.23977542518403e-05	1.76338852739424e-05	1.76223874810559e-05	0	0	0	0	0.000112321689318207	0	0	0.000124115675809855	0	0	0.000293040293040293	0	0	0	0	3.4737057840675e-06	0	0
CR_474	7.46591808394678e-06	1.17559235159616e-05	0	0	0	0	0	0	0	0.000296912114014252	0.000372347027429564	0	0	0	0	0	0	0	0	0	0
CR_475	7.46591808394678e-06	5.8779617579808e-06	1.1748258320704e-05	0.00412371134020619	0.00191204588910134	0.000379939209726444	0.000226963231956423	0.000561608446591037	0.000452130665762405	0.000148456057007126	0.00024823135161971	0.000805882945502166	0.00088809946714032	0.000732600732600733	0.000505241884552229	0	0	0.00671140939597315	0	0.00657894736842105	0
CR_476	0	0	0	0	0	0	0	0	0	0	0	0	0.000177619893428064	0	0	0	0	0	0	0	0
CR_477	0.00923534066984217	0.00727103869462225	0.0072662977713554	0	0	0	0	0	0	0.000742280285035629	0.000868809730668983	0.000402941472751083	0.000177619893428064	0	0	0	1.52588821953259e-06	0	0	0	0
CR_478	0	0	0	0	0	0	0	0	0.000113032666440601	0	0	0	0	0	0	0	0	0	0	0	0
CR_479	0	0	0	0	0	0	0	0	0	0.000148456057007126	0.000372347027429564	0.000503676840938854	0	0	0	0	0	0	0	0	0
CR_480	0.00258320765704559	0.00203377476826136	0.00203244868948178	0	0	0	0	0	0	0.000148456057007126	0.000124115675809855	0.000100735368187771	0	0	0.000126310471138057	0	1.52588821953259e-06	0	0	0	0
CR_481	0	0	0	0	0	0	0	0.000112321689318207	0.000113032666440601	0	0.000124115675809855	0	0	0	0	0	0	0	0	0	0
CR_482	0	0	0	0	0	0	0	0	0	0	0	0	0	0	0	0	0	0	0	0	0
CR_483	0	0	0	0	0	0	0	0	0	0	0	0	0	0	0	0	0	0	0	0	0
CR_484	0	0	0	0	0	0	0	0	0	0	0	0	0	0	0	0	0	0	0	0	0
CR_485	0	0	0	0	0	0	0	0	0	0	0	0	0	0	0	0	0	0	0	0	0
CR_486	0	0	0	0	0	0	0	0	0	0.00222684085510689	0.00347523892267593	0.00292132567744535	0	0	0	0	0	0	0	0	0
CR_487	0.000111988771259202	0.000111681273401635	9.39860665656316e-05	0.0371134020618557	0.0159337157425112	0.00569908814589666	0.00317748524738992	0.00381893743681905	0.00474737199050526	0.00415676959619952	0.00558520541144347	0.00614485745945401	0.00550621669626998	0.00717948717948718	0.00593659214348869	0.0308641975308642	0	0.0335570469798658	0	0.0328947368421053	0
CR_488	0	0	0	0	0	0	0	0	0.000226065332881203	0	0	0	0	0	0	0	0.000190736027441574	0	0.000323054637918278	0	0.000271579519114777
CR_489	0.000179182034014723	0.000141071082191539	0.000140979099848447	0	0	0	0	0	0	0	0.000124115675809855	0	0.000177619893428064	0	0	0	0	0	0	0	0
CR_490	0.0622209613116125	0.048986933291012	0.0489549924223734	0	0	0	0.000226963231956423	0.000112321689318207	0.000339097999321804	0.0219714964370546	0.0210996648876753	0.0240757529968772	0	0.000146520146520147	0.000631552355690287	0	3.96730937078473e-05	0	3.12633520566075e-05	0	3.15790138505555e-06
CR_491	0	0	0	0	0	0	0.000113481615978212	0	0	0	0.000124115675809855	0	0	0	0	0	0	0	0	0.00657894736842105	0
CR_492	0	0	0	0	0	0	0.000226963231956423	0.000112321689318207	0	0.000148456057007126	0	0	0	0	0	0.00617283950617284	0	0	0	0	0
CR_493	0	0	0	0	0	0	0	0	0	0	0	0	0	0	0	0	0	0	0	0	0
CR_494	0	0	0	0	0	0	0	0	0	0.000742280285035629	0.00024823135161971	0.000201470736375541	0.000177619893428064	0	0	0	0	0	0	0	0
CR_495	0	0	0	0	0	0	0	0	0	0	0	0	0	0	0	0	0	0	0	0	0
CR_496	0	0	0	0	0	0	0	0	0.000113032666440601	0	0	0	0	0	0	0	2.89918761711192e-05	0	5.557929254508e-05	0	2.52632110804444e-05
CR_497	0	0	0	0	0	0	0.000113481615978212	0.000112321689318207	0	0	0.000124115675809855	0.000100735368187771	0.000177619893428064	0.000146520146520147	0	0	0	0	0	0	0
CR_498	0	0	0	0	0	0	0	0	0	0	0	0	0	0	0	0	0	0	0	0	0
CR_499	0	0	0	0	0	0	0	0	0.000226065332881203	0	0	0	0	0	0	0	0	0	0	0	0
CR_500	0	0	0	0	0	0	0	0	0	0	0	0	0	0	0	0	0	0	0	0	0
CR_501	7.46591808394678e-06	5.8779617579808e-06	5.87412916035198e-06	0	0	0	0	0	0.000113032666440601	0	0	0	0	0	0	0	0	0	0	0	3.15790138505555e-06
CR_502	0	0	0	0	0	0	0	0	0	0	0.000124115675809855	0	0	0	0	0	0	0	0	0	0
CR_503	0	0	5.87412916035198e-06	0	0	0	0	0	0	0	0.000124115675809855	0.000100735368187771	0	0	0	0	0	0	0	0	0
CR_504	0	0	0	0	0	0	0.000113481615978212	0	0	0.0221199524940618	0.0228372843490133	0.0209529565830563	0	0.000146520146520147	0	0	3.05177643906518e-06	0	0	0	6.31580277011109e-06
CR_505	0	0	0	0	0	0	0	0	0	0	0	0	0	0	0	0	0	0	3.4737057840675e-06	0	0
CR_506	0	0	0	0	0	0	0.00805719473445302	0.00797483994159272	0.00802531931728269	0	0	0	0	0	0	0	0	0	0	0	0
CR_507	0	0	0	0	0	0	0.549251021334544	0.543749297989442	0.547417203571832	0	0	0	0	0	0	0	0	0	0	0	0
CR_508	0	0	0	0	0	0	0	0	0	0	0	0	0	0	0	0	0	0	0	0	0
CR_509	0	0	0	0	0	0	0	0	0	0	0	0	0	0	0	0	3.05177643906518e-06	0	0	0	0
CR_510	6.7193262755521e-05	0.193373185914052	0.193276471763061	0	0	0	0	0	0.000226065332881203	0	0	0.000100735368187771	0.013854351687389	0.0134798534798535	0.0127573575849438	0	0	0	0	0	0
CR_511	0	0	0	0	0	0	0.000113481615978212	0.000112321689318207	0.000113032666440601	0	0	0	0	0	0	0	0	0	0	0	0
CR_512	0	0	0	0	0	0	0	0.000224643378636415	0.000226065332881203	0	0.00024823135161971	0.000100735368187771	0	0.00043956043956044	0	0.00617283950617284	0.00830846135535495	0	0.00820141935618337	0	0.00882633437123025
CR_513	0	0	0	0	0	0	0	0	0	0	0	0	0	0	0	0	0	0	0	0	0
CR_514	1.49318361678936e-05	2.35118470319232e-05	1.1748258320704e-05	0.00412371134020619	0	0	0.000113481615978212	0.000224643378636415	0	0	0.000372347027429564	0	0.000355239786856128	0	0.000126310471138057	0	0	0	0	0	0
CR_515	0	5.8779617579808e-06	5.87412916035198e-06	0	0	0	0	0	0	0	0.000124115675809855	0.000100735368187771	0	0	0.000126310471138057	0	2.74659879515866e-05	0	3.4737057840675e-05	0	8.52633373964998e-05
CR_516	0	0	0	0	0	0	0.000907852927825692	0.000898573514545659	0.000904261331524811	0	0	0	0	0	0	0	0	0	0	0	0
CR_517	0	0	0	0	0.000637348629700446	0	0	0.000112321689318207	0	0	0	0	0	0.000293040293040293	0	0	0	0	0	0	0
